company,website,email
Centaur,https://centaur.ai/,
Claim Health,https://www.claimhealth.com,
Codes Health,https://www.getcodeshealth.com/,
Collectly,http://collectly.co/,
Decoda Health,https://decodahealth.com/,
Delfino AI,https://www.delfino.ai/,
Empirical Health,https://empirical.health,
Flint,https://withflint.com,
Health Harbor,https://healthharbor.co/,
iSono Health,http://www.isonohealth.com,
Knowtex,http://www.knowtex.ai/,
Lamar Health,http://www.lamarhealth.com,
Latent,https://latenthealth.com,
Loula,https://joinloula.com,
Mederva Health,https://medervahealth.com/,
Mednet,https://www.themednet.org,
Meru Health,http://www.meruhealth.com,
Nest Genomics,https://nestgenomics.com,
Novaflow,https://www.novaflowapp.com/,
Papa,https://www.papa.com,
Paratus Health,https://paratushealth.com/,
Pelago,https://www.pelagohealth.com,
Pharos,https://pharos.health/,
Piramidal,https://piramidal.ai,
Planbase,https://www.joinplanbase.com/,
Quadrant Health,https://quadrant.health,
Qventus,http://qventus.com,
Readily,https://readily.co,
SafeBeat,https://safebeat.com,
Serif Health,https://www.serifhealth.com,
Spot Health,https://spotdx.com,
Verse Medical,http://versemedical.com/,
Vitalize,https://vitalize.care,
Evidium,https://www.evidium.com,
Sandy Health,https://sandyhealth.com,
House Rx,https://www.houserx.com,
Somatix,https://www.somatix.com/,
Parable Health,https://parablehealth.com/,
Alatia Health,https://alatianhealth.com/,
Sword Health,https://swordhealth.com/,
Isaac Health,https://www.myisaachealth.com,
Talkiatry,http://www.talkiatry.com,
Tennr,https://tennr.com,
Grow Therapy,http://Growtherapy.com,
Headway,https://headway.co/,
TBD Health,https://tbd.health,
Elektra Health,http://www.elektrahealth.com,
Levels,http://levelshealth.com,
Calibrate,http://joincalibrate.com,
Mantra Health,http://www.mantrahealth.com,
Anterior,https://anterior.com,
SmarterDx,https://smarterdx.com/,
Summer Health,https://www.summerhealth.com,
Clearest Health,https://clearesthealth.com,
